TP,TN,FP,FN,Sensitivity,Specificity,Accuracy,Total_observations,Precision,Recall,F1_score,Log_loss,Roc_auc_score,Dataset
520.0,130.0,4.0,96.0,0.9923664122137404,0.5752212389380531,0.8666666666666667,750.0,0.9923664122137404,0.8441558441558441,0.9122807017543859,0.33534075360361254,0.9315214821320004,train
175.0,37.0,1.0,37.0,0.9943181818181818,0.5,0.848,250.0,0.9943181818181818,0.8254716981132075,0.9020618556701031,0.3850787566586839,0.8680896805896806,test
